{
  "app/(app)/checkout.tsx": 1776584844.1014497,
  "app/(app)/(tabs)/admin-overview.tsx": 1776584874.3150704,
  "app/(app)/(tabs)/admin-trust.tsx": 1776584886.8617108,
  "supabase/functions/stripe-reconcile-payment/index.ts": 1776584739.956875,
  "supabase/functions/stripe-create-payment/index.ts": 1776584744.0116527,
  "supabase/functions/stripe-webhook/index.ts": 1776584753.4806979,
  "supabase/functions/process-refund/index.ts": 1776584830.2110078,
  "src/features/chargers/charger.repository.ts": 1776584791.7882552,
  "src/features/bookings/booking.repository.ts": 1776584774.4980223,
  "src/services/stripeService.ts": 1776584822.318503,
  "graphify-out/graph.html": 1776585063.7955365,
  "graphify-out/GRAPH_REPORT.md": 1776585053.3155916
}